patient_id,rmse_prior,rmse_fit,n_windows,converged,status,hba1c_pct,homa_ir
CGM-001,27.787644336773393,15.449493094916745,118,True,normal,5.4,0.5617283950617284
CGM-002,31.008656181179752,20.720557550380587,113,True,normal,5.5,3.398518518518519
CGM-003,36.53961643136131,18.60905679759437,118,True,t2d,6.5,5.069629629629629
CGM-004,34.90756090635697,17.137303480164825,117,True,prediabetes,5.5,5.029629629629629
CGM-005,43.245285301502534,32.99583802037332,118,True,t2d,6.6,4.586666666666667
CGM-006,22.468659238123575,17.683357982260777,117,True,normal,5.2,1.5170370370370372
CGM-007,17.674234701188755,14.671749989810516,50,True,prediabetes,5.9,4.24
CGM-008,31.172373933915985,23.69274212166442,117,True,prediabetes,5.8,4.894814814814814
CGM-009,42.30065231808951,28.32360947613579,116,True,prediabetes,5.7,7.741728395061728
CGM-010,25.56787664891828,20.322336337417262,118,True,prediabetes,5.7,3.7777777777777777
CGM-011,22.846011977452577,18.05713883205573,118,True,prediabetes,5.7,3.121975308641975
CGM-012,60.68908922084961,34.03735492166794,118,True,t2d,7.1,5.966666666666667
CGM-013,33.06382977718798,22.52568380692333,117,True,prediabetes,6.2,4.6540740740740745
CGM-014,39.34840327169939,22.231846528614316,118,True,t2d,7.1,3.8837037037037034
CGM-015,24.74520351710724,16.71310374366888,118,True,normal,5.4,0.7251851851851852
CGM-016,31.430369371100493,17.63217006944459,118,True,prediabetes,5.8,6.676543209876543
CGM-017,28.013542419127777,15.991293336147978,117,True,normal,5.0,1.9234567901234565
CGM-018,55.41302990502997,25.16721056697392,112,True,prediabetes,5.4,4.4251851851851844
CGM-019,53.182792980236144,18.140163471685213,118,True,normal,5.6,4.500740740740741
CGM-020,60.770185440952034,30.599925289911557,118,True,prediabetes,6.4,5.0832098765432105
CGM-021,33.997284461278916,19.49754669491986,118,True,normal,5.3,2.2503703703703706
CGM-022,25.774421894814463,17.852263389670718,118,True,prediabetes,5.9,0.8454320987654322
CGM-023,41.50627416863183,35.203588133125464,118,True,prediabetes,6.2,1.7333333333333334
CGM-026,39.58858801948253,27.346341156392235,112,True,prediabetes,5.9,4.570864197530864
CGM-027,38.18444051615384,18.839687203036526,118,True,normal,4.7,1.4
CGM-028,31.791195766061822,22.74226364038226,118,True,t2d,7.0,6.21037037037037
CGM-029,34.90531404607901,16.861678799566388,118,True,prediabetes,6.1,6.648888888888889
CGM-030,62.260572013547836,60.67844763473231,117,True,t2d,7.6,5.055555555555555
CGM-031,21.934844132993536,17.66145726403681,113,True,prediabetes,5.1,2.3674074074074074
CGM-032,23.992323000246095,20.619558856485305,113,True,prediabetes,5.3,0.7901234567901234
CGM-033,42.72722522315971,37.9934664033826,118,True,prediabetes,5.6,3.3224691358024687
CGM-034,28.622595627798162,13.954695053558982,118,True,normal,4.6,0.8296296296296296
CGM-035,40.5754032777523,37.88488721517765,118,True,t2d,8.5,7.96641975308642
CGM-036,46.73311445104995,39.241573351092015,118,True,t2d,6.9,1.3217283950617282
CGM-038,41.60114837152115,26.536957283159637,118,True,t2d,7.2,10.961481481481481
CGM-039,63.80682534920521,53.94257699206734,118,True,t2d,8.3,6.827160493827161
CGM-041,36.07760075845109,33.94731189459028,117,True,prediabetes,6.3,3.611851851851852
CGM-042,31.46207074383137,27.979498096901395,118,True,t2d,7.1,4.452839506172839
CGM-043,25.122684125737813,21.156091864283944,118,True,prediabetes,6.0,5.143703703703704
CGM-044,25.030677746176238,24.129423725658153,117,True,prediabetes,6.0,3.966666666666667
CGM-045,53.43978222154757,47.52635681821454,113,True,prediabetes,6.1,16.95604938271605
CGM-046,58.669389798374624,49.770705448457136,118,True,t2d,7.4,3.0039506172839507
CGM-047,45.62416695846094,35.68604590002688,118,True,t2d,6.9,3.5925925925925926
CGM-048,32.14778740727704,22.29106987615932,118,True,normal,4.8,1.9896296296296294
CGM-049,48.852675627221785,38.172204688494475,118,True,t2d,7.2,9.208888888888888
