patient_id,ts,kind,label,carbs,protein,fat,fiber,kcal,gi,amount,food
MT-0001,2026-09-01 06:55:00,meal,chai,11.679213999514536,2.6952032306572007,2.6952032306572007,0.0,81.75449799660176,62.0,,chai_sugar
MT-0001,2026-09-01 08:20:00,meal,breakfast,21.49783296552216,10.74891648276108,5.37445824138054,4.606678492611891,177.35712196555784,38.0,,moong_chilla
MT-0001,2026-09-01 13:15:00,meal,lunch,64.97838375633043,15.720576715241233,6.288230686096494,10.480384476827489,379.38991806115513,50.0,,brown_rice_dal
MT-0001,2026-09-01 19:55:00,meal,dinner,82.82166194531939,14.117328740679442,5.646931496271777,6.588086745650407,438.57834621044134,68.0,,rice_dal
MT-0001,2026-09-02 06:20:00,meal,chai,11.945532538065127,2.7566613549381063,2.7566613549381063,0.0,83.61872776645589,62.0,,chai_sugar
MT-0001,2026-09-02 07:45:00,meal,breakfast,17.953803019554343,8.976901509777171,4.488450754888586,3.847243504190216,148.11887491132336,38.0,,moong_chilla
MT-0001,2026-09-02 12:55:00,meal,lunch,94.99159063854593,22.9818364448095,9.1927345779238,15.321224296539667,554.6283195347359,50.0,,brown_rice_dal
MT-0001,2026-09-02 19:55:00,meal,dinner,42.29649782447077,10.151159477872985,5.075579738936493,5.075579738936493,255.4708468598035,52.0,,khichdi
MT-0001,2026-09-03 08:35:00,meal,breakfast,50.72759596079691,14.267136363974133,9.511424242649422,6.340949495099614,345.58174748292896,55.0,,oats
MT-0001,2026-09-03 19:40:00,meal,dinner,104.9669057996902,24.223132107620813,18.840213861482855,17.494484299948365,686.3220763825897,55.0,,roti_sabzi
MT-0001,2026-09-03 20:05:00,meal,sweet,28.587417836819228,5.0448384417916285,11.7712896975138,1.6816128139305428,240.4706323920676,60.0,,laddoo
MT-0001,2026-09-04 06:55:00,meal,chai,10.969577449042507,2.53144094977904,2.53144094977904,0.0,76.78704214329755,62.0,,chai_sugar
MT-0001,2026-09-04 08:20:00,meal,breakfast,38.44377870750019,10.81231276148443,7.208208507656286,4.805472338437524,261.8982424448451,55.0,,oats
MT-0001,2026-09-04 12:55:00,meal,lunch,62.13163718032793,15.031847704918047,6.0127390819672195,10.021231803278699,362.7685912786889,50.0,,brown_rice_dal
MT-0001,2026-09-04 19:40:00,meal,dinner,68.67622755960618,16.48229461430548,8.24114730715274,8.24114730715274,414.80441446002135,52.0,,khichdi
MT-0001,2026-09-05 12:40:00,meal,lunch,90.28825391596392,32.60409169187586,15.048042319327319,2.50800705322122,627.0017633053051,70.0,,fish_curry_rice
MT-0001,2026-09-05 19:20:00,meal,dinner,26.02692820067374,6.246462768161697,3.1232313840808485,3.1232313840808485,157.20264633206938,52.0,,khichdi
MT-0001,2026-09-06 06:55:00,meal,chai,18.54625333291223,4.279904615287438,4.279904615287438,0.0,129.82377333038562,62.0,,chai_sugar
MT-0001,2026-09-06 13:20:00,meal,lunch,51.780824483126516,18.698631063351243,8.630137413854419,1.4383562356424033,359.5890589106008,70.0,,fish_curry_rice
MT-0001,2026-09-06 20:10:00,meal,dinner,48.733746543458786,11.246249202336642,8.7470827129285,8.122291090576462,318.6437273995382,55.0,,roti_sabzi
MT-0001,2026-09-07 06:10:00,meal,chai,15.673133103688235,3.6168768700819003,3.6168768700819003,0.0,109.71193172581765,62.0,,chai_sugar
MT-0001,2026-09-07 08:00:00,meal,breakfast,29.865812887091998,8.399759874494624,5.599839916329749,3.7332266108864998,203.46085029331422,55.0,,oats
MT-0001,2026-09-07 12:40:00,meal,lunch,60.19613772842864,14.5635817084908,5.82543268339632,9.7090544723272,351.4677718982447,50.0,,brown_rice_dal
MT-0001,2026-09-07 19:45:00,meal,dinner,72.8709852230675,16.816381205323268,13.07940760414032,12.145164203844583,476.46413415082594,55.0,,roti_sabzi
MT-0001,2026-09-08 09:00:00,meal,breakfast,18.14813895790829,9.074069478954145,4.537034739477073,3.888886919551777,149.7221464027434,38.0,,moong_chilla
MT-0001,2026-09-08 19:30:00,meal,dinner,42.91022216121563,10.29845331869175,5.149226659345875,5.149226659345875,259.1777418537424,52.0,,khichdi
MT-0001,2026-09-08 20:05:00,meal,sweet,53.367674408212125,4.640667339844533,13.922002019533597,0.0,357.331385168029,76.0,,gulab_jamun
MT-0001,2026-09-09 14:10:00,meal,lunch,73.23316940003926,17.717702274203045,7.087080909681217,11.811801516135363,427.5872148841001,50.0,,brown_rice_dal
MT-0001,2026-09-09 20:15:00,meal,dinner,64.48047045652247,15.475312909565393,7.737656454782696,7.737656454782696,389.4620415573957,52.0,,khichdi
MT-0001,2026-09-10 06:50:00,meal,chai,17.25934701196094,3.9829262335294477,3.9829262335294477,0.0,120.81542908372658,62.0,,chai_sugar
MT-0001,2026-09-10 08:15:00,meal,breakfast,37.533959212474315,18.766979606237157,9.383489803118579,8.042991259815926,309.6551635029131,38.0,,moong_chilla
MT-0001,2026-09-10 13:25:00,meal,lunch,67.25073280712655,16.270338582369327,6.508135432947732,10.84689238824622,392.6575044545132,50.0,,brown_rice_dal
MT-0001,2026-09-11 07:00:00,meal,chai,17.979196648901574,4.149045380515748,4.149045380515748,0.0,125.85437654231102,62.0,,chai_sugar
MT-0001,2026-09-11 08:35:00,meal,breakfast,48.314975088347865,13.588586743597837,9.059057829065225,6.039371886043483,329.1457677893698,55.0,,oats
MT-0001,2026-09-11 12:25:00,meal,lunch,70.57061169571178,17.073535087672205,6.829414035068881,11.382356725114803,412.04131344915584,50.0,,brown_rice_dal
MT-0001,2026-09-11 19:45:00,meal,dinner,41.652843019770565,9.996682324744937,4.998341162372468,4.998341162372468,251.58317183941418,52.0,,khichdi
MT-0001,2026-09-12 07:30:00,meal,breakfast,39.491225347281194,11.106907128922836,7.404604752615224,4.936403168410149,269.03397267835317,55.0,,oats
MT-0001,2026-09-12 13:45:00,meal,lunch,113.20948950627735,27.389392622486458,10.955757048994583,18.259595081657636,660.9973419560064,50.0,,brown_rice_dal
MT-0001,2026-09-12 20:20:00,meal,dinner,44.43574851106596,10.66457964265583,5.332289821327915,5.332289821327915,268.3919210068384,52.0,,khichdi
MT-0001,2026-09-13 13:25:00,meal,lunch,69.40993910718852,16.79272720335206,6.717090881340825,11.195151468901374,405.2644831742297,50.0,,brown_rice_dal
MT-0001,2026-09-13 19:55:00,meal,dinner,35.3021704607822,8.472520910587729,4.2362604552938645,4.2362604552938645,213.22510958312452,52.0,,khichdi
MT-0001,2026-09-14 06:45:00,meal,chai,14.477041991555929,3.3408558442052145,3.3408558442052145,0.0,101.33929394089151,62.0,,chai_sugar
MT-0001,2026-09-14 08:05:00,meal,breakfast,39.410660362339485,11.08424822690798,7.389498817938653,4.926332545292436,268.4851237184377,55.0,,oats
MT-0001,2026-09-14 13:40:00,meal,lunch,77.22768622978508,18.684117636238327,7.47364705449533,12.456078424158882,450.91003895455157,50.0,,brown_rice_dal
MT-0001,2026-09-14 19:55:00,meal,dinner,68.39639769441014,16.415135446658432,8.207567723329216,8.207567723329216,413.11424207423727,52.0,,khichdi
MT-0001,2026-09-01 08:00:00,oad,glimepiride,,,,,,,2.0,
MT-0001,2026-09-02 08:00:00,oad,glimepiride,,,,,,,2.0,
MT-0001,2026-09-02 08:00:00,oad,telmisartan,,,,,,,20.0,
MT-0001,2026-09-02 06:30:00,oad,levothyroxine,,,,,,,50.0,
MT-0001,2026-09-03 08:00:00,oad,glimepiride,,,,,,,2.0,
MT-0001,2026-09-03 08:00:00,oad,telmisartan,,,,,,,20.0,
MT-0001,2026-09-03 06:30:00,oad,levothyroxine,,,,,,,50.0,
MT-0001,2026-09-04 08:00:00,oad,glimepiride,,,,,,,2.0,
MT-0001,2026-09-04 06:30:00,oad,levothyroxine,,,,,,,50.0,
MT-0001,2026-09-05 08:00:00,oad,telmisartan,,,,,,,20.0,
MT-0001,2026-09-06 06:30:00,oad,levothyroxine,,,,,,,50.0,
MT-0001,2026-09-07 08:00:00,oad,glimepiride,,,,,,,2.0,
MT-0001,2026-09-07 08:00:00,oad,telmisartan,,,,,,,20.0,
MT-0001,2026-09-07 06:30:00,oad,levothyroxine,,,,,,,50.0,
MT-0001,2026-09-08 08:00:00,oad,glimepiride,,,,,,,2.0,
MT-0001,2026-09-08 08:00:00,oad,telmisartan,,,,,,,20.0,
MT-0001,2026-09-08 06:30:00,oad,levothyroxine,,,,,,,50.0,
MT-0001,2026-09-09 08:00:00,oad,glimepiride,,,,,,,2.0,
MT-0001,2026-09-09 08:00:00,oad,telmisartan,,,,,,,20.0,
MT-0001,2026-09-09 06:30:00,oad,levothyroxine,,,,,,,50.0,
MT-0001,2026-09-10 08:00:00,oad,glimepiride,,,,,,,2.0,
MT-0001,2026-09-10 08:00:00,oad,telmisartan,,,,,,,20.0,
MT-0001,2026-09-10 06:30:00,oad,levothyroxine,,,,,,,50.0,
MT-0001,2026-09-11 08:00:00,oad,glimepiride,,,,,,,2.0,
MT-0001,2026-09-11 06:30:00,oad,levothyroxine,,,,,,,50.0,
MT-0001,2026-09-12 08:00:00,oad,glimepiride,,,,,,,2.0,
MT-0001,2026-09-12 06:30:00,oad,levothyroxine,,,,,,,50.0,
MT-0001,2026-09-13 08:00:00,oad,glimepiride,,,,,,,2.0,
MT-0001,2026-09-13 08:00:00,oad,telmisartan,,,,,,,20.0,
MT-0001,2026-09-13 06:30:00,oad,levothyroxine,,,,,,,50.0,
MT-0001,2026-09-14 08:00:00,oad,glimepiride,,,,,,,2.0,
MT-0001,2026-09-14 08:00:00,oad,telmisartan,,,,,,,20.0,
MT-0001,2026-09-14 06:30:00,oad,levothyroxine,,,,,,,50.0,
MT-0002,2026-09-01 03:35:00,meal,chai,15.563690914620453,3.591620980297028,3.591620980297028,0.0,108.94583640234318,62.0,,chai_sugar
MT-0002,2026-09-01 03:40:00,meal,snack,34.2034570722858,0.0,0.0,5.4725531315657285,136.8138282891432,36.0,,apple
MT-0002,2026-09-01 07:10:00,meal,dinner,83.17129472548852,14.17692523729918,5.670770094919672,6.6158984440729505,440.4298107054278,68.0,,rice_dal
MT-0002,2026-09-01 22:45:00,meal,lunch,105.73469699876574,18.797279466447243,37.594558932894486,11.748299666529526,836.4789362569023,68.0,,chole_bhature
MT-0002,2026-09-02 03:10:00,meal,chai,14.535507186947472,3.3543478123724935,3.3543478123724935,0.0,101.7485503086323,62.0,,chai_sugar
MT-0002,2026-09-01 21:15:00,meal,chai,14.93850990836915,3.447348440392881,3.447348440392881,0.0,104.56956935858405,62.0,,chai_sugar
MT-0002,2026-09-02 07:05:00,meal,dinner,82.57376735238468,14.075073980520116,5.6300295922080466,6.568367857576055,437.2656316614916,68.0,,rice_dal
MT-0002,2026-09-02 17:05:00,meal,chai,15.05394055957218,3.4739862829781956,3.4739862829781956,0.0,105.37758391700525,62.0,,chai_sugar
MT-0002,2026-09-02 18:15:00,meal,breakfast,42.40367705463643,5.048056792218623,7.067279509106071,2.019222716887449,253.41245096937487,65.0,,poha
MT-0002,2026-09-03 02:50:00,meal,chai,13.248462691691165,3.0573375442364226,3.0573375442364226,0.0,92.73923884183816,62.0,,chai_sugar
MT-0002,2026-09-03 02:50:00,meal,snack,28.651968663643906,2.6047244239676277,5.209448847935255,1.3023622119838139,171.91181198186342,66.0,,biscuits
MT-0002,2026-09-02 20:10:00,meal,chai,18.676200435376344,4.309892408163772,4.309892408163772,0.0,130.73340304763443,62.0,,chai_sugar
MT-0002,2026-09-03 16:20:00,meal,chai,11.054594857929501,2.551060351829885,2.551060351829885,0.0,77.38216400550651,62.0,,chai_sugar
MT-0002,2026-09-03 17:45:00,meal,breakfast,44.46865150949953,5.293887084464229,7.411441918249921,2.1175548337856918,265.7531316401043,65.0,,poha
MT-0002,2026-09-04 02:05:00,meal,chai,12.270820924110122,2.8317279055638744,2.8317279055638744,0.0,85.89574646877087,62.0,,chai_sugar
MT-0002,2026-09-04 02:10:00,meal,snack,14.67858349522016,7.33929174761008,1.630953721691129,5.708338025918952,102.75008446654113,32.0,,sprouts
MT-0002,2026-09-03 21:15:00,meal,chai,20.079316153589364,4.633688343136007,4.633688343136007,0.0,140.55521307512555,62.0,,chai_sugar
MT-0002,2026-09-04 07:55:00,meal,dinner,103.975576292336,23.994363759769847,18.662282924265433,17.329262715389333,679.8403065268122,55.0,,roti_sabzi
MT-0002,2026-09-04 08:15:00,meal,sweet,61.36539302086199,5.336121132248868,16.008363396746603,0.0,410.88132718316285,76.0,,gulab_jamun
MT-0002,2026-09-04 17:05:00,meal,chai,15.134491112271025,3.4925748720625442,3.4925748720625442,0.0,105.94143778589718,62.0,,chai_sugar
MT-0002,2026-09-04 18:55:00,meal,breakfast,84.29405646876353,10.87665244758239,32.629957342747176,6.797907779738994,674.3524517501082,70.0,,puri_bhaji
MT-0002,2026-09-04 23:15:00,meal,lunch,70.93014268554032,17.16051839166298,6.864207356665192,11.440345594441986,414.1405105187999,50.0,,brown_rice_dal
MT-0002,2026-09-05 03:15:00,meal,chai,12.97910676053399,2.995178483200151,2.995178483200151,0.0,90.85374732373792,62.0,,chai_sugar
MT-0002,2026-09-04 21:05:00,meal,chai,13.788822552077844,3.1820359735564256,3.1820359735564256,0.0,96.52175786454491,62.0,,chai_sugar
MT-0002,2026-09-05 07:05:00,meal,dinner,36.10317317011281,25.787980835794865,17.191987223863247,4.297996805965812,402.2925010383999,45.0,,chicken_curry_roti
MT-0002,2026-09-05 17:05:00,meal,chai,9.825426416222488,2.267406096051343,2.267406096051343,0.0,68.7779849135574,62.0,,chai_sugar
MT-0002,2026-09-05 18:45:00,meal,breakfast,57.395121845454355,6.832752600649329,9.56585364090906,2.733101040259731,343.00418055259627,65.0,,poha
MT-0002,2026-09-05 22:25:00,meal,lunch,85.08967048075155,19.63607780325036,15.272504958083612,14.181611746791924,556.3555377587602,55.0,,roti_sabzi
MT-0002,2026-09-06 03:30:00,meal,chai,11.001024002987918,2.538697846843366,2.538697846843366,0.0,77.00716802091543,62.0,,chai_sugar
MT-0002,2026-09-05 20:45:00,meal,chai,13.518636184638819,3.119685273378189,3.119685273378189,0.0,94.63045329247173,62.0,,chai_sugar
MT-0002,2026-09-06 07:15:00,meal,dinner,65.14331047607278,15.634394514257465,7.817197257128733,7.817197257128733,393.46559527547953,52.0,,khichdi
MT-0002,2026-09-06 17:35:00,meal,chai,11.527528730580443,2.660198937826256,2.660198937826256,0.0,80.6927011140631,62.0,,chai_sugar
MT-0002,2026-09-06 18:25:00,meal,breakfast,49.910486296697435,5.941724559130647,8.318414382782906,2.376689823652259,298.27457286835846,65.0,,poha
MT-0002,2026-09-07 00:10:00,meal,lunch,89.84152778053674,15.313896780773307,6.125558712309323,7.146485164360876,475.7517266560241,68.0,,rice_dal
MT-0002,2026-09-07 04:05:00,meal,chai,12.046984787876884,2.7800734125869733,2.7800734125869733,0.0,84.32889351513819,62.0,,chai_sugar
MT-0002,2026-09-07 04:10:00,meal,snack,29.31482679780128,0.0,0.0,4.690372287648205,117.25930719120512,36.0,,apple
MT-0002,2026-09-06 20:55:00,meal,chai,9.506757469834543,2.193867108423356,2.193867108423356,0.0,66.5473022888418,62.0,,chai_sugar
MT-0002,2026-09-07 07:25:00,meal,dinner,43.857565051673525,10.525815612401646,5.262907806200823,5.262907806200823,264.8996929121081,52.0,,khichdi
MT-0002,2026-09-07 00:40:00,meal,sweet,35.29931733411193,3.0695058551401684,9.208517565420506,0.0,236.35195084579297,76.0,,gulab_jamun
MT-0002,2026-09-07 16:45:00,meal,chai,12.104101362842803,2.7932541606560317,2.7932541606560317,0.0,84.72870953989963,62.0,,chai_sugar
MT-0002,2026-09-07 23:40:00,meal,lunch,100.69094972217563,24.360713642461846,9.744285456984738,16.24047576164123,587.9052225714125,50.0,,brown_rice_dal
MT-0002,2026-09-08 02:15:00,meal,chai,10.606763341022708,2.4477146171590864,2.4477146171590864,0.0,74.24734338715895,62.0,,chai_sugar
MT-0002,2026-09-08 02:15:00,meal,snack,14.68719451516315,7.343597257581575,1.6319105016847943,5.71168675589678,102.81036160614204,32.0,,sprouts
MT-0002,2026-09-07 21:25:00,meal,chai,12.451945522984891,2.8735258899195903,2.8735258899195903,0.0,87.16361866089424,62.0,,chai_sugar
MT-0002,2026-09-08 08:20:00,meal,dinner,55.9366297301427,11.187325946028539,5.593662973014269,6.992078716267837,318.83878946181335,52.0,,rajma_chawal
MT-0002,2026-09-08 16:40:00,meal,chai,9.969799781657581,2.3007230265363647,2.3007230265363647,0.0,69.78859847160307,62.0,,chai_sugar
MT-0002,2026-09-08 17:25:00,meal,breakfast,27.663091677527976,16.392943216312876,16.392943216312876,2.0491179020391095,323.7606285221793,70.0,,bread_omelette
MT-0002,2026-09-08 23:10:00,meal,lunch,69.85441546822285,13.97088309364457,6.985441546822285,8.731801933527857,398.1701681688702,52.0,,rajma_chawal
MT-0002,2026-09-09 03:15:00,meal,chai,15.877429075701524,3.6640220943926596,3.6640220943926596,0.0,111.14200352991067,62.0,,chai_sugar
MT-0002,2026-09-09 07:50:00,meal,dinner,93.03502612525656,18.607005225051314,9.303502612525657,11.62937826565707,530.2996489139624,52.0,,rajma_chawal
MT-0002,2026-09-09 17:15:00,meal,breakfast,72.85023954928928,12.488612494163878,22.895789572633774,6.244306247081939,547.4175143275165,64.0,,aloo_paratha
MT-0002,2026-09-09 22:20:00,meal,lunch,157.26311284581263,27.957886728144466,55.91577345628893,17.47367920509029,1244.1259594024286,68.0,,chole_bhature
MT-0002,2026-09-10 03:25:00,meal,chai,14.57101416799929,3.3625417310767594,3.3625417310767594,0.0,101.99709917599505,62.0,,chai_sugar
MT-0002,2026-09-10 03:30:00,meal,snack,23.38200893618719,0.8660003309698959,0.0,2.5980009929096877,96.99203706862835,51.0,,banana
MT-0002,2026-09-09 21:30:00,meal,chai,12.619553383141875,2.9122046268788946,2.9122046268788946,0.0,88.33687368199313,62.0,,chai_sugar
MT-0002,2026-09-10 07:00:00,meal,dinner,93.360369018327,21.54470054269085,16.756989310981773,15.560061503054504,610.4331820429073,55.0,,roti_sabzi
MT-0002,2026-09-10 07:30:00,meal,sweet,57.4553863706265,4.996120553967522,14.988361661902566,0.0,384.7012826554992,76.0,,gulab_jamun
MT-0002,2026-09-10 07:30:00,meal,sweet,63.09477297839226,2.6289488740996774,13.144744370498387,0.0,381.19758674445325,80.0,,jalebi
MT-0002,2026-09-10 17:20:00,meal,chai,11.3677792309912,2.623333668690277,2.623333668690277,0.0,79.5744546169384,62.0,,chai_sugar
MT-0002,2026-09-10 18:25:00,meal,breakfast,30.168980634868838,15.084490317434419,7.5422451587172095,6.464781564614751,248.89409023766794,38.0,,moong_chilla
MT-0002,2026-09-10 22:40:00,meal,lunch,49.359419998620076,11.94179516095647,4.776718064382588,7.96119677397098,288.19532321774943,50.0,,brown_rice_dal
MT-0002,2026-09-11 03:35:00,meal,chai,18.34722570249307,4.2339751621137856,4.2339751621137856,0.0,128.4305799174515,62.0,,chai_sugar
MT-0002,2026-09-10 20:20:00,meal,chai,11.36236012184195,2.62208310504045,2.62208310504045,0.0,79.53652085289364,62.0,,chai_sugar
MT-0002,2026-09-11 07:20:00,meal,dinner,93.22774384465592,15.891092700793623,6.356437080317448,7.415843260370357,493.6832799046552,68.0,,rice_dal
MT-0002,2026-09-11 16:30:00,meal,chai,11.807453830302775,2.724797037762179,2.724797037762179,0.0,82.65217681211942,62.0,,chai_sugar
MT-0002,2026-09-11 18:05:00,meal,breakfast,19.276815252038357,9.638407626019179,4.819203813009589,4.130746125436791,159.0337258293165,38.0,,moong_chilla
MT-0002,2026-09-12 00:20:00,meal,lunch,89.05184257314778,15.831438679670716,31.662877359341433,9.894649174794198,704.4990212453469,68.0,,chole_bhature
MT-0002,2026-09-12 03:45:00,meal,chai,22.67364854397048,5.232380433223957,5.232380433223957,0.0,158.71553980779336,62.0,,chai_sugar
MT-0002,2026-09-12 03:45:00,meal,snack,18.393259493083924,9.196629746541962,2.0436954992315473,7.152934247310416,128.75281645158748,32.0,,sprouts
MT-0002,2026-09-11 20:40:00,meal,chai,12.705865875107122,2.9321228942554898,2.9321228942554898,0.0,88.94106112574985,62.0,,chai_sugar
MT-0002,2026-09-12 07:10:00,meal,dinner,36.929730701638825,26.37837907259916,17.58558604839944,4.39639651209986,411.50271353254686,45.0,,chicken_curry_roti
MT-0002,2026-09-12 16:35:00,meal,chai,9.254566724350374,2.1356692440808556,2.1356692440808556,0.0,64.78196707045261,62.0,,chai_sugar
MT-0002,2026-09-12 18:05:00,meal,breakfast,35.43032115002565,20.995745866681865,20.995745866681865,2.624468233335233,414.66598086696683,70.0,,bread_omelette
MT-0002,2026-09-12 23:20:00,meal,lunch,108.51161218733787,37.05274562494464,29.112871562456505,3.9699370312440685,844.2732753112386,70.0,,chicken_biryani
MT-0002,2026-09-13 02:30:00,meal,chai,12.188726690233196,2.8127830823615065,2.8127830823615065,0.0,85.32108683163237,62.0,,chai_sugar
MT-0002,2026-09-13 07:25:00,meal,dinner,80.66933059919953,18.615999369046047,14.479110620369147,13.444888433199921,527.4533154563046,55.0,,roti_sabzi
MT-0002,2026-09-12 23:55:00,meal,sweet,47.945198763124395,4.169147718532556,12.507443155597667,0.0,321.0243743270068,76.0,,gulab_jamun
MT-0002,2026-09-13 18:05:00,meal,chai,13.773659571207396,3.1785368241247838,3.1785368241247838,0.0,96.41561699845178,62.0,,chai_sugar
MT-0002,2026-09-13 19:10:00,meal,breakfast,36.0646178994655,4.293406892793512,6.010769649910917,1.7173627571174048,215.5290260182343,65.0,,poha
MT-0002,2026-09-13 23:15:00,meal,lunch,124.31066383140832,21.18931769853551,8.475727079414204,9.88834825931657,658.2814698345031,68.0,,rice_dal
MT-0002,2026-09-14 03:25:00,meal,chai,13.462305204825551,3.106685816498204,3.106685816498204,0.0,94.23613643377885,62.0,,chai_sugar
MT-0002,2026-09-14 03:25:00,meal,snack,17.378571805199293,1.5798701641090267,3.1597403282180534,0.7899350820545133,104.27143083119576,66.0,,biscuits
MT-0002,2026-09-13 22:05:00,meal,chai,19.623702098157867,4.528546638036431,4.528546638036431,0.0,137.36591468710506,62.0,,chai_sugar
MT-0002,2026-09-14 07:20:00,meal,dinner,58.783353928661,10.01988987420358,4.007955949681431,4.67594860796167,311.2845787585912,68.0,,rice_dal
MT-0002,2026-09-14 16:50:00,meal,chai,12.58843537495785,2.9050235480671964,2.9050235480671964,0.0,88.11904762470496,62.0,,chai_sugar
MT-0002,2026-09-14 21:10:00,meal,chai,17.855106807178487,4.120409263195036,4.120409263195036,0.0,124.98574765024941,62.0,,chai_sugar
MT-0002,2026-09-01 18:00:00,oad,telmisartan,,,,,,,20.0,
MT-0002,2026-09-02 18:00:00,oad,telmisartan,,,,,,,20.0,
MT-0002,2026-09-03 18:00:00,oad,telmisartan,,,,,,,20.0,
MT-0002,2026-09-04 18:00:00,oad,telmisartan,,,,,,,20.0,
MT-0002,2026-09-05 18:00:00,oad,telmisartan,,,,,,,20.0,
MT-0002,2026-09-07 18:00:00,oad,telmisartan,,,,,,,20.0,
MT-0002,2026-09-08 18:00:00,oad,telmisartan,,,,,,,20.0,
MT-0002,2026-09-09 18:00:00,oad,telmisartan,,,,,,,20.0,
MT-0002,2026-09-10 18:00:00,oad,telmisartan,,,,,,,20.0,
MT-0002,2026-09-11 18:00:00,oad,telmisartan,,,,,,,20.0,
MT-0002,2026-09-12 18:00:00,oad,telmisartan,,,,,,,20.0,
MT-0002,2026-09-13 18:00:00,oad,telmisartan,,,,,,,20.0,
MT-0002,2026-09-14 18:00:00,oad,telmisartan,,,,,,,20.0,
MT-0003,2026-09-01 06:45:00,meal,chai,10.073438572789062,2.32463967064363,2.32463967064363,0.0,70.51407000952344,62.0,,chai_sugar
MT-0003,2026-09-01 08:00:00,meal,breakfast,65.79998666731146,11.27999771439625,20.67999580972646,5.639998857198125,494.43989981436897,64.0,,aloo_paratha
MT-0003,2026-09-01 14:10:00,meal,lunch,57.345872862948774,13.87400149910051,5.549600599640204,9.249334332733675,334.825902844959,50.0,,brown_rice_dal
MT-0003,2026-09-01 17:20:00,meal,chai,9.23710433275895,2.1316394614059115,2.1316394614059115,0.0,64.65973032931264,62.0,,chai_sugar
MT-0003,2026-09-01 17:25:00,meal,snack,27.59040092496668,2.508218265906062,5.016436531812124,1.254109132953031,165.5424055498001,66.0,,biscuits
MT-0003,2026-09-01 21:10:00,meal,dinner,35.67898783873476,17.443060721159217,19.02879351399187,4.757198378497968,383.7473358655028,45.0,,paneer_roti
MT-0003,2026-09-02 06:45:00,meal,chai,12.983789152070997,2.996259035093307,2.996259035093307,0.0,90.88652406449698,62.0,,chai_sugar
MT-0003,2026-09-02 08:00:00,meal,breakfast,40.40955128545224,5.2141356497357725,15.642406949207318,3.258834781084858,323.2764102836179,70.0,,puri_bhaji
MT-0003,2026-09-02 17:20:00,meal,chai,9.043120157054586,2.086873882397212,2.086873882397212,0.0,63.3018410993821,62.0,,chai_sugar
MT-0003,2026-09-03 07:30:00,meal,chai,10.00486411385438,2.3088147955048566,2.3088147955048566,0.0,70.03404879698066,62.0,,chai_sugar
MT-0003,2026-09-03 08:25:00,meal,breakfast,44.302397749583484,5.27409497018851,7.383732958263914,2.109637988075404,264.7595675034632,65.0,,poha
MT-0003,2026-09-03 14:05:00,meal,lunch,82.50439914770561,19.039476726393605,14.808481898306136,13.75073319128427,539.4518405811522,55.0,,roti_sabzi
MT-0003,2026-09-03 17:00:00,meal,snack,13.292293793457143,6.646146896728571,1.6615367241821428,4.984610172546429,94.70759327838213,28.0,,roasted_chana
MT-0003,2026-09-03 21:15:00,meal,dinner,38.069663994729034,18.611835730756415,20.303820797188816,5.075955199297204,409.46038607664116,45.0,,paneer_roti
MT-0003,2026-09-04 07:40:00,meal,breakfast,49.840179271334705,8.544030732228807,15.664056342419476,4.272015366114403,374.5133470960293,64.0,,aloo_paratha
MT-0003,2026-09-04 13:25:00,meal,lunch,100.61833363754512,23.219615454818104,18.059700909302972,16.769722272924188,657.8891045531797,55.0,,roti_sabzi
MT-0003,2026-09-04 16:45:00,meal,chai,15.918095760618257,3.673406713988829,3.673406713988829,0.0,111.4266703243278,62.0,,chai_sugar
MT-0003,2026-09-04 16:45:00,meal,snack,28.860746521553708,1.0689165378353225,0.0,3.206749613505967,119.71865223755611,51.0,,banana
MT-0003,2026-09-04 20:55:00,meal,dinner,102.26708030796328,23.60009545568384,18.355629798865206,17.044513384660547,668.6693712443754,55.0,,roti_sabzi
MT-0003,2026-09-04 13:50:00,meal,sweet,45.192830252113055,1.883034593838044,9.41517296919022,0.0,273.04001610651636,80.0,,jalebi
MT-0003,2026-09-05 06:55:00,meal,chai,9.111055676277896,2.1025513099102837,2.1025513099102837,0.0,63.77738973394528,62.0,,chai_sugar
MT-0003,2026-09-05 08:30:00,meal,breakfast,55.503886528048156,9.514951976236826,17.44407862310085,4.757475988118413,417.0720616250476,64.0,,aloo_paratha
MT-0003,2026-09-05 13:45:00,meal,lunch,66.68405390002127,15.38862782308183,11.968932751285868,11.114008983336877,436.0111216539852,55.0,,roti_sabzi
MT-0003,2026-09-05 17:00:00,meal,chai,11.649301499292328,2.6883003459905375,2.6883003459905375,0.0,81.5451104950463,62.0,,chai_sugar
MT-0003,2026-09-05 21:10:00,meal,dinner,44.15823500197329,21.58847044540916,23.551058667719087,5.887764666929772,474.9463497990016,45.0,,paneer_roti
MT-0003,2026-09-06 07:55:00,meal,chai,12.807850124491502,2.9556577210365003,2.9556577210365003,0.0,89.6549508714405,62.0,,chai_sugar
MT-0003,2026-09-06 08:45:00,meal,breakfast,23.920769757369662,6.727716494260218,4.485144329506812,2.9900962196712078,162.96024397208083,55.0,,oats
MT-0003,2026-09-06 13:20:00,meal,lunch,66.93912938844205,11.410078873029896,4.564031549211958,5.324703474080618,354.4731169887954,68.0,,rice_dal
MT-0003,2026-09-06 21:00:00,meal,dinner,80.34787102492405,18.54181639036709,14.42141274806329,13.39131183748734,525.3514643937341,55.0,,roti_sabzi
MT-0003,2026-09-07 06:55:00,meal,chai,10.176444209050889,2.3484102020886666,2.3484102020886666,0.0,71.23510946335622,62.0,,chai_sugar
MT-0003,2026-09-07 08:20:00,meal,breakfast,68.37345834875077,11.721164288357278,21.48880119532167,5.860582144178639,513.7777013063273,64.0,,aloo_paratha
MT-0003,2026-09-07 11:55:00,meal,lunch,40.1025967111894,9.702241139803885,3.8808964559215546,6.4681607598692565,234.14741950726707,50.0,,brown_rice_dal
MT-0003,2026-09-07 16:50:00,meal,chai,8.277364451380246,1.9101610272415952,1.9101610272415952,0.0,57.94155115966173,62.0,,chai_sugar
MT-0003,2026-09-07 16:55:00,meal,snack,16.772397364864588,8.386198682432294,2.0965496706080735,6.2896490118242205,119.50333122466019,28.0,,roasted_chana
MT-0003,2026-09-07 21:35:00,meal,dinner,55.83804236167211,27.298598487928587,29.780289259558455,7.445072314889614,600.5691667344289,45.0,,paneer_roti
MT-0003,2026-09-08 06:40:00,meal,chai,11.481485678228895,2.6495736180528215,2.6495736180528215,0.0,80.37039974760226,62.0,,chai_sugar
MT-0003,2026-09-08 13:45:00,meal,lunch,67.94113774472997,15.678724094937685,12.194563184951534,11.323522957454994,444.23051602323443,55.0,,roti_sabzi
MT-0003,2026-09-08 17:05:00,meal,chai,11.757866568186152,2.7133538234275734,2.7133538234275734,0.0,82.30506597730306,62.0,,chai_sugar
MT-0003,2026-09-08 20:40:00,meal,dinner,46.160988926396335,11.07863734233512,5.53931867116756,5.53931867116756,278.8123731154339,52.0,,khichdi
MT-0003,2026-09-09 06:50:00,meal,chai,17.93446630556132,4.138722993591074,4.138722993591074,0.0,125.54126413892924,62.0,,chai_sugar
MT-0003,2026-09-09 08:10:00,meal,breakfast,27.163392035115248,13.581696017557624,6.790848008778812,5.820726864667554,224.0979842897008,38.0,,moong_chilla
MT-0003,2026-09-09 13:05:00,meal,lunch,69.18506808545982,15.965784942798418,12.417832733287657,11.530844680909969,452.3639067126218,55.0,,roti_sabzi
MT-0003,2026-09-09 16:40:00,meal,chai,9.976372376705744,2.302239779239787,2.302239779239787,0.0,69.83460663694021,62.0,,chai_sugar
MT-0003,2026-09-09 21:15:00,meal,dinner,41.86095785046416,10.046629884111399,5.023314942055699,5.023314942055699,252.84018541680356,52.0,,khichdi
MT-0003,2026-09-10 06:30:00,meal,chai,10.218906140906544,2.3582091094399718,2.3582091094399718,0.0,71.53234298634581,62.0,,chai_sugar
MT-0003,2026-09-10 08:05:00,meal,breakfast,84.14604184745994,10.857553786769024,32.57266136030707,6.785971116730639,673.1683347796795,70.0,,puri_bhaji
MT-0003,2026-09-10 13:45:00,meal,lunch,108.5035567931895,21.7007113586379,10.85035567931895,13.562944599148688,618.4702737211802,52.0,,rajma_chawal
MT-0003,2026-09-10 16:00:00,meal,chai,10.93315219848268,2.5230351227267724,2.5230351227267724,0.0,76.53206538937877,62.0,,chai_sugar
MT-0003,2026-09-10 21:05:00,meal,dinner,63.92524804073842,14.751980317093482,11.473762468850484,10.654208006789737,417.972775650982,55.0,,roti_sabzi
MT-0003,2026-09-11 06:25:00,meal,chai,10.036576124778637,2.3161329518719933,2.3161329518719933,0.0,70.25603287345047,62.0,,chai_sugar
MT-0003,2026-09-11 17:00:00,meal,chai,13.747028880103272,3.172391280023832,3.172391280023832,0.0,96.2292021607229,62.0,,chai_sugar
MT-0003,2026-09-11 17:00:00,meal,snack,22.341810248371957,2.0310736589429053,4.0621473178858105,1.0155368294714526,134.05086149023174,66.0,,biscuits
MT-0003,2026-09-11 21:00:00,meal,dinner,67.37843846500941,11.48496110199024,4.593984440796096,5.359648514262112,356.79945823516346,68.0,,rice_dal
MT-0003,2026-09-12 07:40:00,meal,breakfast,62.318366322033995,8.041079525423742,24.123238576271223,5.025674703389838,498.54693057627196,70.0,,puri_bhaji
MT-0003,2026-09-12 12:55:00,meal,lunch,61.078534861255925,14.095046506443675,10.962813949456192,10.17975581020932,399.35965101590415,55.0,,roti_sabzi
MT-0003,2026-09-12 17:45:00,meal,chai,13.695629655542938,3.1605299205099087,3.1605299205099087,0.0,95.86940758880056,62.0,,chai_sugar
MT-0003,2026-09-12 21:30:00,meal,dinner,77.33141928874525,18.55954062929886,9.27977031464943,9.27977031464943,467.08177250402133,52.0,,khichdi
MT-0003,2026-09-13 07:35:00,meal,chai,11.63984504125128,2.6861180864426033,2.6861180864426033,0.0,81.47891528875897,62.0,,chai_sugar
MT-0003,2026-09-13 09:10:00,meal,breakfast,34.01707065090337,4.049651267964688,5.669511775150562,1.619860507185875,203.2924936518273,65.0,,poha
MT-0003,2026-09-13 13:50:00,meal,lunch,68.90074355898653,15.900171590535352,12.366800125971942,11.48345725983109,450.504861731835,55.0,,roti_sabzi
MT-0003,2026-09-13 17:00:00,meal,chai,11.079662137035575,2.5568451085466712,2.5568451085466712,0.0,77.55763495924903,62.0,,chai_sugar
MT-0003,2026-09-13 21:40:00,meal,dinner,54.1686635429805,26.482457732123798,28.889953889589595,7.222488472397399,582.6140701067236,45.0,,paneer_roti
MT-0003,2026-09-14 06:45:00,meal,chai,11.845469453992047,2.7335698739981646,2.7335698739981646,0.0,82.91828617794432,62.0,,chai_sugar
MT-0003,2026-09-14 08:05:00,meal,breakfast,58.457799150012406,7.542941825808052,22.628825477424158,4.714338641130032,467.66239320009925,70.0,,puri_bhaji
MT-0003,2026-09-14 13:30:00,meal,lunch,84.29192626282311,19.45198298372841,15.129320098455429,14.048654377137185,551.139517872305,55.0,,roti_sabzi
MT-0003,2026-09-14 16:40:00,meal,chai,18.094329506075823,4.175614501402113,4.175614501402113,0.0,126.66030654253076,62.0,,chai_sugar
MT-0003,2026-09-14 21:40:00,meal,dinner,73.8076687798218,17.032538949189647,13.24753029381417,12.301278129970301,482.5886035603733,55.0,,roti_sabzi
MT-0004,2026-09-01 05:50:00,meal,chai,9.922389306120806,2.28978214756634,2.28978214756634,0.0,69.45672514284564,62.0,,chai_sugar
MT-0004,2026-09-01 07:15:00,meal,breakfast,62.7990257993955,8.103100103147808,24.309300309443422,5.064437564467379,502.392206395164,70.0,,puri_bhaji
MT-0004,2026-09-01 13:30:00,meal,lunch,76.94206026735624,27.784632874323087,12.82367671122604,2.1372794518710068,534.3198629677516,70.0,,fish_curry_rice
MT-0004,2026-09-01 18:05:00,meal,chai,14.957217088086328,3.4516654818660757,3.4516654818660757,0.0,104.7005196166043,62.0,,chai_sugar
MT-0004,2026-09-01 18:10:00,meal,snack,41.91277972815598,1.5523251751168883,0.0,4.656975525350665,173.8604196130915,51.0,,banana
MT-0004,2026-09-01 10:20:00,meal,chai,11.535442539036573,2.6620252013161325,2.6620252013161325,0.0,80.74809777325602,62.0,,chai_sugar
MT-0004,2026-09-01 21:05:00,meal,dinner,95.5252605967221,34.49523299326076,15.920876766120351,2.653479461020058,663.3698652550146,70.0,,fish_curry_rice
MT-0004,2026-09-02 06:00:00,meal,chai,12.383112862846295,2.8576414298876065,2.8576414298876065,0.0,86.68179003992405,62.0,,chai_sugar
MT-0004,2026-09-02 07:10:00,meal,breakfast,40.34857321891642,11.348036217820244,7.565357478546829,5.043571652364553,274.87465505386814,55.0,,oats
MT-0004,2026-09-02 12:45:00,meal,lunch,76.00930329052488,27.447803966022875,12.66821721508748,2.1113695358479134,527.8423839619784,70.0,,fish_curry_rice
MT-0004,2026-09-02 16:25:00,meal,chai,14.042994335481657,3.240691000495767,3.240691000495767,0.0,98.3009603483716,62.0,,chai_sugar
MT-0004,2026-09-02 16:25:00,meal,snack,12.691010104731818,6.345505052365909,1.5863762630914773,4.759128789274432,90.42344699621421,28.0,,roasted_chana
MT-0004,2026-09-02 20:40:00,meal,dinner,41.589924813583686,9.981581955260085,4.990790977630042,4.990790977630042,251.20314587404545,52.0,,khichdi
MT-0004,2026-09-03 05:50:00,meal,chai,10.857793179090315,2.5056445797900726,2.5056445797900726,0.0,76.0045522536322,62.0,,chai_sugar
MT-0004,2026-09-03 12:40:00,meal,lunch,65.91795891091392,23.803707384496697,10.986326485152322,1.8310544141920535,457.76360354801335,70.0,,fish_curry_rice
MT-0004,2026-09-03 16:35:00,meal,chai,14.917682627356132,3.4425421447744924,3.4425421447744924,0.0,104.42377839149293,62.0,,chai_sugar
MT-0004,2026-09-03 10:40:00,meal,chai,8.61967607805243,1.9891560180120993,1.9891560180120993,0.0,60.337732546367015,62.0,,chai_sugar
MT-0004,2026-09-03 21:10:00,meal,dinner,82.39532281249171,19.014305264421164,14.788904094549796,13.732553802081954,538.7386491585996,55.0,,roti_sabzi
MT-0004,2026-09-04 06:20:00,meal,chai,15.734719659862401,3.6310891522759388,3.6310891522759388,0.0,110.1430376190368,62.0,,chai_sugar
MT-0004,2026-09-04 07:45:00,meal,breakfast,43.348579608605014,12.191788014920158,8.127858676613439,5.418572451075627,295.31219858362164,55.0,,oats
MT-0004,2026-09-04 13:45:00,meal,lunch,40.3297797462055,9.757204777307784,3.902881910923113,6.504803184871856,235.47387529236119,50.0,,brown_rice_dal
MT-0004,2026-09-04 17:05:00,meal,chai,13.11963057736667,3.027607056315386,3.027607056315386,0.0,91.8374140415667,62.0,,chai_sugar
MT-0004,2026-09-04 17:10:00,meal,snack,22.504831756213093,3.462281808648168,13.849127234592672,1.731140904324084,228.5105993707791,62.0,,samosa
MT-0004,2026-09-04 11:00:00,meal,chai,12.528586199400188,2.891212199861582,2.891212199861582,0.0,87.70010339580132,62.0,,chai_sugar
MT-0004,2026-09-04 21:15:00,meal,dinner,43.63053934608481,10.471329443060355,5.235664721530178,5.235664721530178,263.52845765035227,52.0,,khichdi
MT-0004,2026-09-05 07:20:00,meal,breakfast,22.28792207189368,11.14396103594684,5.57198051797342,4.775983301120074,183.87535709312283,38.0,,moong_chilla
MT-0004,2026-09-05 12:40:00,meal,lunch,69.49672403210039,16.81372355615332,6.725489422461328,11.209149037435546,405.77119515516677,50.0,,brown_rice_dal
MT-0004,2026-09-05 17:05:00,meal,chai,11.840795378636857,2.73249124122389,2.73249124122389,0.0,82.885567650458,62.0,,chai_sugar
MT-0004,2026-09-05 20:35:00,meal,dinner,63.64179322047992,45.45842372891423,30.30561581927615,7.576403954819037,709.1514101710619,45.0,,chicken_curry_roti
MT-0004,2026-09-06 06:55:00,meal,chai,9.191165162090329,2.1210381143285373,2.1210381143285373,0.0,64.3381561346323,62.0,,chai_sugar
MT-0004,2026-09-06 08:25:00,meal,breakfast,22.176456667391168,6.237128437703765,4.158085625135843,2.772057083423896,151.0771110466023,55.0,,oats
MT-0004,2026-09-06 13:35:00,meal,lunch,59.39264823808433,14.36918908985911,5.7476756359436445,9.579459393239405,346.77643003526657,50.0,,brown_rice_dal
MT-0004,2026-09-06 20:35:00,meal,dinner,45.07361597963824,10.817667835113177,5.4088339175565885,5.4088339175565885,272.24464051701494,52.0,,khichdi
MT-0004,2026-09-07 06:30:00,meal,chai,9.35477599242116,2.1587944597894984,2.1587944597894984,0.0,65.48343194694812,62.0,,chai_sugar
MT-0004,2026-09-07 08:30:00,meal,breakfast,34.046985646381245,17.023492823190622,8.511746411595311,7.295782638510266,280.88763158264527,38.0,,moong_chilla
MT-0004,2026-09-07 13:10:00,meal,lunch,70.26619395733451,16.999885634838993,6.7999542539355975,11.333257089892662,410.26390665411435,50.0,,brown_rice_dal
MT-0004,2026-09-07 16:30:00,meal,chai,12.512930672887485,2.887599386050958,2.887599386050958,0.0,87.5905147102124,62.0,,chai_sugar
MT-0004,2026-09-08 06:05:00,meal,chai,13.521914528154799,3.1204418141895687,3.1204418141895687,0.0,94.6534016970836,62.0,,chai_sugar
MT-0004,2026-09-08 13:30:00,meal,lunch,67.7185013910659,16.38350840106433,6.553403360425731,10.922338934042887,395.38866941235244,50.0,,brown_rice_dal
MT-0004,2026-09-08 16:40:00,meal,chai,11.2306022995213,2.5916774537356844,2.5916774537356844,0.0,78.6142160966491,62.0,,chai_sugar
MT-0004,2026-09-08 20:45:00,meal,dinner,46.337783136445466,11.121067952746913,5.560533976373456,5.560533976373456,279.8802101441307,52.0,,khichdi
MT-0004,2026-09-09 05:50:00,meal,chai,10.474928408135419,2.4172911711081735,2.4172911711081735,0.0,73.32449885694793,62.0,,chai_sugar
MT-0004,2026-09-09 07:10:00,meal,breakfast,59.61957758400237,7.6928487205164355,23.078546161549305,4.808030450322772,476.95662067201897,70.0,,puri_bhaji
MT-0004,2026-09-09 13:10:00,meal,lunch,74.69691072859955,11.491832419784544,15.322443226379391,4.78826350824356,482.6569616309509,70.0,,veg_biryani
MT-0004,2026-09-09 17:00:00,meal,chai,11.511939488435516,2.656601420408196,2.656601420408196,0.0,80.58357641904861,62.0,,chai_sugar
MT-0004,2026-09-09 12:15:00,meal,chai,11.1371874651108,2.570120184256339,2.570120184256339,0.0,77.9603122557756,62.0,,chai_sugar
MT-0004,2026-09-09 20:30:00,meal,dinner,31.966075552613077,7.671858132627138,3.835929066313569,3.835929066313569,193.07509633778298,52.0,,khichdi
MT-0004,2026-09-10 06:15:00,meal,chai,10.623804500745091,2.4516471924796366,2.4516471924796366,0.0,74.36663150521564,62.0,,chai_sugar
MT-0004,2026-09-10 07:55:00,meal,breakfast,21.007398454837325,12.448828713977676,12.448828713977676,1.5561035892472095,245.8643671010591,70.0,,bread_omelette
MT-0004,2026-09-10 13:30:00,meal,lunch,75.24276846033857,18.2038955952432,7.28155823809728,12.135930396828801,439.3206803652026,50.0,,brown_rice_dal
MT-0004,2026-09-10 17:20:00,meal,chai,10.846920551100405,2.5031355117924012,2.5031355117924012,0.0,75.92844385770283,62.0,,chai_sugar
MT-0004,2026-09-10 10:50:00,meal,chai,11.001508219117419,2.5388095890270965,2.5388095890270965,0.0,77.01055753382192,62.0,,chai_sugar
MT-0004,2026-09-10 20:05:00,meal,dinner,102.62151944058374,23.68188910167317,18.41924707907913,17.103586573430622,670.9868578807398,55.0,,roti_sabzi
MT-0004,2026-09-11 06:05:00,meal,chai,15.945945612906389,3.6798336029783973,3.6798336029783973,0.0,111.62161929034473,62.0,,chai_sugar
MT-0004,2026-09-11 17:00:00,meal,chai,10.460633543052817,2.4139923560891114,2.4139923560891114,0.0,73.22443480136972,62.0,,chai_sugar
MT-0004,2026-09-11 17:05:00,meal,snack,22.46232186063109,0.0,0.0,3.593971497700974,89.84928744252436,36.0,,apple
MT-0004,2026-09-11 10:45:00,meal,chai,12.984232141424004,2.9963612634055394,2.9963612634055394,0.0,90.88962498996803,62.0,,chai_sugar
MT-0004,2026-09-11 20:00:00,meal,dinner,51.35029592807245,12.324071022737387,6.1620355113686935,6.1620355113686935,310.1557874055576,52.0,,khichdi
MT-0004,2026-09-12 05:50:00,meal,chai,15.156687146223813,3.497697033743957,3.497697033743957,0.0,106.09681002356669,62.0,,chai_sugar
MT-0004,2026-09-12 06:55:00,meal,breakfast,49.26819377248814,13.856679498512289,9.237786332341525,6.158524221561017,335.6395700750754,55.0,,oats
MT-0004,2026-09-12 17:45:00,meal,chai,15.340019821485864,3.5400045741890453,3.5400045741890453,0.0,107.38013875040104,62.0,,chai_sugar
MT-0004,2026-09-12 11:05:00,meal,chai,14.276308037042561,3.2945326239328985,3.2945326239328985,0.0,99.93415625929792,62.0,,chai_sugar
MT-0004,2026-09-13 07:05:00,meal,chai,17.007908503983835,3.9249019624578083,3.9249019624578083,0.0,119.05535952788685,62.0,,chai_sugar
MT-0004,2026-09-13 08:35:00,meal,breakfast,28.483005927752806,16.87881832755722,16.87881832755722,2.1098522909446524,333.3566619692551,70.0,,bread_omelette
MT-0004,2026-09-13 15:55:00,meal,snack,14.210832311657335,7.105416155828667,1.7763540389571668,5.3290621168715,101.25218022055851,28.0,,roasted_chana
MT-0004,2026-09-14 06:15:00,meal,chai,13.12522043861249,3.0288970242951905,3.0288970242951905,0.0,91.87654307028744,62.0,,chai_sugar
MT-0004,2026-09-14 08:00:00,meal,breakfast,49.41123924660865,29.280734368360683,29.280734368360683,3.6600917960450854,578.2945037751234,70.0,,bread_omelette
MT-0004,2026-09-14 13:55:00,meal,lunch,122.66748219299514,44.29659079191491,20.44458036549919,3.4074300609165316,851.8575152291329,70.0,,fish_curry_rice
MT-0004,2026-09-14 17:05:00,meal,chai,13.125508996564252,3.0289636145917505,3.0289636145917505,0.0,91.87856297594976,62.0,,chai_sugar
MT-0004,2026-09-14 17:10:00,meal,snack,23.579306957311008,2.143573359755546,4.287146719511092,1.071786679877773,141.47584174386606,66.0,,biscuits
MT-0004,2026-09-14 11:15:00,meal,chai,15.215985364656579,3.511381237997672,3.511381237997672,0.0,106.51189755259605,62.0,,chai_sugar
MT-0004,2026-09-14 21:40:00,meal,dinner,92.71140933192858,33.479120036529764,15.45190155532143,2.575316925886905,643.8292314717262,70.0,,fish_curry_rice
MT-0004,2026-09-14 22:15:00,meal,sweet,37.81771639251657,3.2884970776101365,9.86549123283041,0.0,253.21427497598052,76.0,,gulab_jamun
MT-0004,2026-09-14 22:05:00,meal,sweet,71.98134777839726,2.999222824099886,14.996114120499431,0.0,434.8873094944835,80.0,,jalebi
MT-0004,2026-09-01 08:00:00,oad,gliclazide,,,,,,,40.0,
MT-0004,2026-09-01 08:00:00,oad,telmisartan,,,,,,,20.0,
MT-0004,2026-09-01 06:30:00,oad,levothyroxine,,,,,,,50.0,
MT-0004,2026-09-02 08:00:00,oad,gliclazide,,,,,,,40.0,
MT-0004,2026-09-02 08:00:00,oad,telmisartan,,,,,,,20.0,
MT-0004,2026-09-02 06:30:00,oad,levothyroxine,,,,,,,50.0,
MT-0004,2026-09-03 08:00:00,oad,telmisartan,,,,,,,20.0,
MT-0004,2026-09-03 06:30:00,oad,levothyroxine,,,,,,,50.0,
MT-0004,2026-09-04 08:00:00,oad,gliclazide,,,,,,,40.0,
MT-0004,2026-09-04 08:00:00,oad,telmisartan,,,,,,,20.0,
MT-0004,2026-09-04 06:30:00,oad,levothyroxine,,,,,,,50.0,
MT-0004,2026-09-05 08:00:00,oad,gliclazide,,,,,,,40.0,
MT-0004,2026-09-05 06:30:00,oad,levothyroxine,,,,,,,50.0,
MT-0004,2026-09-06 06:30:00,oad,levothyroxine,,,,,,,50.0,
MT-0004,2026-09-07 08:00:00,oad,gliclazide,,,,,,,40.0,
MT-0004,2026-09-07 08:00:00,oad,telmisartan,,,,,,,20.0,
MT-0004,2026-09-07 06:30:00,oad,levothyroxine,,,,,,,50.0,
MT-0004,2026-09-08 08:00:00,oad,gliclazide,,,,,,,40.0,
MT-0004,2026-09-08 08:00:00,oad,telmisartan,,,,,,,20.0,
MT-0004,2026-09-09 08:00:00,oad,gliclazide,,,,,,,40.0,
MT-0004,2026-09-09 08:00:00,oad,telmisartan,,,,,,,20.0,
MT-0004,2026-09-09 06:30:00,oad,levothyroxine,,,,,,,50.0,
MT-0004,2026-09-10 08:00:00,oad,gliclazide,,,,,,,40.0,
MT-0004,2026-09-10 08:00:00,oad,telmisartan,,,,,,,20.0,
MT-0004,2026-09-10 06:30:00,oad,levothyroxine,,,,,,,50.0,
MT-0004,2026-09-11 08:00:00,oad,gliclazide,,,,,,,40.0,
MT-0004,2026-09-11 06:30:00,oad,levothyroxine,,,,,,,50.0,
MT-0004,2026-09-12 08:00:00,oad,gliclazide,,,,,,,40.0,
MT-0004,2026-09-12 08:00:00,oad,telmisartan,,,,,,,20.0,
MT-0004,2026-09-12 06:30:00,oad,levothyroxine,,,,,,,50.0,
MT-0004,2026-09-13 08:00:00,oad,telmisartan,,,,,,,20.0,
MT-0004,2026-09-13 06:30:00,oad,levothyroxine,,,,,,,50.0,
MT-0004,2026-09-14 08:00:00,oad,telmisartan,,,,,,,20.0,
MT-0004,2026-09-14 06:30:00,oad,levothyroxine,,,,,,,50.0,
MT-0005,2026-09-01 06:30:00,meal,chai,14.767609061761275,3.407909783483371,3.407909783483371,0.0,103.37326343232893,62.0,,chai_sugar
MT-0005,2026-09-01 07:25:00,meal,breakfast,39.114831922147744,19.557415961073872,9.778707980536936,8.38174969760309,322.6973633577189,38.0,,moong_chilla
MT-0005,2026-09-01 12:45:00,meal,lunch,73.66330202675444,17.780797040940726,12.700569314957662,15.240683177949192,480.08152010539965,52.0,,jowar_roti_meal
MT-0005,2026-09-01 21:35:00,meal,dinner,42.11802229343413,10.166419174277204,7.261727981626575,8.71407357795189,274.4933177054845,52.0,,jowar_roti_meal
MT-0005,2026-09-02 05:55:00,meal,chai,14.091851921840256,3.2519658281169823,3.2519658281169823,0.0,98.6429634528818,62.0,,chai_sugar
MT-0005,2026-09-02 13:50:00,meal,lunch,48.67496745222799,11.74913007467572,8.392235767625516,10.070682921150619,317.2265120162445,52.0,,jowar_roti_meal
MT-0005,2026-09-02 20:50:00,meal,dinner,69.34598813820492,16.7386867919805,11.956204851414642,14.34744582169757,451.94454338347344,52.0,,jowar_roti_meal
MT-0005,2026-09-03 06:20:00,meal,chai,9.236044242758732,2.131394825252015,2.131394825252015,0.0,64.65230969931112,62.0,,chai_sugar
MT-0005,2026-09-03 07:35:00,meal,breakfast,38.57955993996599,19.289779969982995,9.644889984991497,8.267048558564142,318.2813695047194,38.0,,moong_chilla
MT-0005,2026-09-03 13:15:00,meal,lunch,48.929316495423876,11.81052467130921,8.43608905093515,10.12330686112218,318.88416612534866,52.0,,jowar_roti_meal
MT-0005,2026-09-04 05:55:00,meal,chai,14.035851181760393,3.2390425804062444,3.2390425804062444,0.0,98.25095827232275,62.0,,chai_sugar
MT-0005,2026-09-04 13:05:00,meal,lunch,69.1395706280596,16.688861875738525,11.920615625527518,14.304738750633021,450.5992706449402,52.0,,jowar_roti_meal
MT-0005,2026-09-04 21:55:00,meal,dinner,76.86618697072444,18.553907199830036,13.252790857021456,15.903349028425746,500.95549439541105,52.0,,jowar_roti_meal
MT-0005,2026-09-05 05:35:00,meal,chai,9.26900566159693,2.1390013065223688,2.1390013065223688,0.0,64.8830396311785,62.0,,chai_sugar
MT-0005,2026-09-05 06:55:00,meal,breakfast,40.228250011107214,11.314195315623904,7.542796877082603,5.028531251388402,274.0549532006679,55.0,,oats
MT-0005,2026-09-05 13:55:00,meal,lunch,61.19198410313915,14.77047892144738,10.55034208674813,12.660410504097754,398.80293087907927,52.0,,jowar_roti_meal
MT-0005,2026-09-05 21:00:00,meal,dinner,56.84288883310387,13.642293319944928,6.821146659972464,6.821146659972464,343.33104855194733,52.0,,khichdi
MT-0005,2026-09-06 06:30:00,meal,chai,14.52110526859573,3.351024292752861,3.351024292752861,0.0,101.6477368801701,62.0,,chai_sugar
MT-0005,2026-09-06 08:00:00,meal,breakfast,30.08071792130143,15.040358960650716,7.520179480325358,6.445868125993164,248.1659228507368,38.0,,moong_chilla
MT-0005,2026-09-06 13:25:00,meal,lunch,70.66735929792176,10.871901430449503,14.495868573932672,4.52995892935396,456.6198600788791,70.0,,veg_biryani
MT-0005,2026-09-06 21:20:00,meal,dinner,48.67706672196423,11.682496013271415,5.841248006635707,5.841248006635707,294.0094830006639,52.0,,khichdi
MT-0005,2026-09-07 06:20:00,meal,chai,13.589201316672472,3.1359695346167245,3.1359695346167245,0.0,95.1244092167073,62.0,,chai_sugar
MT-0005,2026-09-07 07:55:00,meal,breakfast,22.793317986566052,13.507151399446549,13.507151399446549,1.6883939249308186,266.7662401390694,70.0,,bread_omelette
MT-0005,2026-09-07 14:10:00,meal,lunch,74.97080235785864,18.13809734464322,7.255238937857289,12.092064896428814,437.7327492507231,50.0,,brown_rice_dal
MT-0005,2026-09-07 21:40:00,meal,dinner,46.51456387655015,11.227653349512106,8.019752392508646,9.623702871010376,303.1466404368269,52.0,,jowar_roti_meal
MT-0005,2026-09-08 08:00:00,meal,breakfast,37.8494835278969,18.92474176394845,9.462370881974225,8.110603613120762,312.2582391051494,38.0,,moong_chilla
MT-0005,2026-09-08 13:45:00,meal,lunch,64.25845342960473,15.510661172663209,11.079043694759436,13.294852433711323,418.78785166190664,52.0,,jowar_roti_meal
MT-0005,2026-09-08 21:15:00,meal,dinner,87.2397466344384,20.132249223331943,15.65841606259151,14.539957772406401,570.413727994405,55.0,,roti_sabzi
MT-0005,2026-09-09 08:00:00,meal,breakfast,36.318542844122064,10.21459017490933,6.809726783272888,4.539817855515258,247.42007312558158,55.0,,oats
MT-0005,2026-09-09 13:20:00,meal,lunch,103.63003878474362,17.664211156490392,7.065684462596155,8.243298539695516,548.7681599283015,68.0,,rice_dal
MT-0005,2026-09-10 06:15:00,meal,chai,12.472950160600513,2.878373113984734,2.878373113984734,0.0,87.3106511242036,62.0,,chai_sugar
MT-0005,2026-09-10 07:25:00,meal,breakfast,89.91996437342611,15.414851035444478,28.26056023164821,7.707425517722239,675.6843037203162,64.0,,aloo_paratha
MT-0005,2026-09-11 05:55:00,meal,chai,13.685667172577425,3.158230885979406,3.158230885979406,0.0,95.79967020804197,62.0,,chai_sugar
MT-0005,2026-09-11 06:55:00,meal,breakfast,25.566625003048824,7.190613282107482,4.793742188071654,3.195828125381103,174.1726328332701,55.0,,oats
MT-0005,2026-09-11 21:20:00,meal,dinner,65.4366574090593,15.795055236669484,11.282182311906775,13.53861877428813,426.4664913900761,52.0,,jowar_roti_meal
MT-0005,2026-09-12 06:50:00,meal,chai,13.606601632637362,3.1399849921470837,3.1399849921470837,0.0,95.24621142846154,62.0,,chai_sugar
MT-0005,2026-09-12 08:20:00,meal,breakfast,27.438151727551457,7.716980173373847,5.144653448915898,3.429768965943932,186.9224086439443,55.0,,oats
MT-0005,2026-09-12 13:10:00,meal,lunch,45.10177885251039,10.886636274743887,7.776168767674204,9.331402521209046,293.93917941808496,52.0,,jowar_roti_meal
MT-0005,2026-09-13 06:30:00,meal,chai,8.714507750670885,2.0110402501548195,2.0110402501548195,0.0,61.00155425469619,62.0,,chai_sugar
MT-0005,2026-09-14 06:15:00,meal,chai,17.058361388439256,3.936544935793674,3.936544935793674,0.0,119.40852971907478,62.0,,chai_sugar
MT-0005,2026-09-14 08:00:00,meal,breakfast,30.331747235141293,17.97436873193558,17.97436873193558,2.2467960914919476,354.99378245572774,70.0,,bread_omelette
MT-0005,2026-09-14 14:20:00,meal,lunch,73.0210931113069,12.170182185217817,22.1276039731233,7.744661390593156,539.9135369442085,70.0,,pav_bhaji
MT-0005,2026-09-14 20:50:00,meal,dinner,94.51548867265076,15.752581445441793,28.641057173530537,10.024370010735687,698.8417950341451,70.0,,pav_bhaji
MT-0005,2026-09-01 08:30:00,oad,metformin,,,,,,,1000.0,
MT-0005,2026-09-01 21:00:00,oad,metformin,,,,,,,1000.0,
MT-0005,2026-09-01 08:00:00,oad,gliclazide,,,,,,,40.0,
MT-0005,2026-09-01 08:00:00,oad,dapagliflozin,,,,,,,10.0,
MT-0005,2026-09-01 08:00:00,oad,telmisartan,,,,,,,20.0,
MT-0005,2026-09-01 13:30:00,oad,aspirin,,,,,,,75.0,
MT-0005,2026-09-02 08:30:00,oad,metformin,,,,,,,1000.0,
MT-0005,2026-09-02 21:00:00,oad,metformin,,,,,,,1000.0,
MT-0005,2026-09-02 08:00:00,oad,gliclazide,,,,,,,40.0,
MT-0005,2026-09-02 08:00:00,oad,dapagliflozin,,,,,,,10.0,
MT-0005,2026-09-02 08:00:00,oad,telmisartan,,,,,,,20.0,
MT-0005,2026-09-02 13:30:00,oad,aspirin,,,,,,,75.0,
MT-0005,2026-09-03 08:30:00,oad,metformin,,,,,,,1000.0,
MT-0005,2026-09-03 21:00:00,oad,metformin,,,,,,,1000.0,
MT-0005,2026-09-03 08:00:00,oad,dapagliflozin,,,,,,,10.0,
MT-0005,2026-09-03 08:00:00,oad,telmisartan,,,,,,,20.0,
MT-0005,2026-09-03 13:30:00,oad,aspirin,,,,,,,75.0,
MT-0005,2026-09-04 08:30:00,oad,metformin,,,,,,,1000.0,
MT-0005,2026-09-04 21:00:00,oad,metformin,,,,,,,1000.0,
MT-0005,2026-09-04 08:00:00,oad,dapagliflozin,,,,,,,10.0,
MT-0005,2026-09-04 08:00:00,oad,telmisartan,,,,,,,20.0,
MT-0005,2026-09-04 13:30:00,oad,aspirin,,,,,,,75.0,
MT-0005,2026-09-05 08:30:00,oad,metformin,,,,,,,1000.0,
MT-0005,2026-09-05 08:00:00,oad,gliclazide,,,,,,,40.0,
MT-0005,2026-09-05 08:00:00,oad,telmisartan,,,,,,,20.0,
MT-0005,2026-09-05 13:30:00,oad,aspirin,,,,,,,75.0,
MT-0005,2026-09-06 08:30:00,oad,metformin,,,,,,,1000.0,
MT-0005,2026-09-06 21:00:00,oad,metformin,,,,,,,1000.0,
MT-0005,2026-09-06 08:00:00,oad,gliclazide,,,,,,,40.0,
MT-0005,2026-09-06 08:00:00,oad,dapagliflozin,,,,,,,10.0,
MT-0005,2026-09-06 08:00:00,oad,telmisartan,,,,,,,20.0,
MT-0005,2026-09-06 13:30:00,oad,aspirin,,,,,,,75.0,
MT-0005,2026-09-07 08:30:00,oad,metformin,,,,,,,1000.0,
MT-0005,2026-09-07 21:00:00,oad,metformin,,,,,,,1000.0,
MT-0005,2026-09-07 08:00:00,oad,gliclazide,,,,,,,40.0,
MT-0005,2026-09-07 08:00:00,oad,dapagliflozin,,,,,,,10.0,
MT-0005,2026-09-07 08:00:00,oad,telmisartan,,,,,,,20.0,
MT-0005,2026-09-07 13:30:00,oad,aspirin,,,,,,,75.0,
MT-0005,2026-09-08 08:30:00,oad,metformin,,,,,,,1000.0,
MT-0005,2026-09-08 21:00:00,oad,metformin,,,,,,,1000.0,
MT-0005,2026-09-08 08:00:00,oad,gliclazide,,,,,,,40.0,
MT-0005,2026-09-08 08:00:00,oad,dapagliflozin,,,,,,,10.0,
MT-0005,2026-09-08 08:00:00,oad,telmisartan,,,,,,,20.0,
MT-0005,2026-09-08 13:30:00,oad,aspirin,,,,,,,75.0,
MT-0005,2026-09-09 08:30:00,oad,metformin,,,,,,,1000.0,
MT-0005,2026-09-09 21:00:00,oad,metformin,,,,,,,1000.0,
MT-0005,2026-09-09 08:00:00,oad,gliclazide,,,,,,,40.0,
MT-0005,2026-09-09 08:00:00,oad,dapagliflozin,,,,,,,10.0,
MT-0005,2026-09-09 08:00:00,oad,telmisartan,,,,,,,20.0,
MT-0005,2026-09-09 13:30:00,oad,aspirin,,,,,,,75.0,
MT-0005,2026-09-10 08:30:00,oad,metformin,,,,,,,1000.0,
MT-0005,2026-09-10 21:00:00,oad,metformin,,,,,,,1000.0,
MT-0005,2026-09-10 08:00:00,oad,gliclazide,,,,,,,40.0,
MT-0005,2026-09-10 08:00:00,oad,dapagliflozin,,,,,,,10.0,
MT-0005,2026-09-10 08:00:00,oad,telmisartan,,,,,,,20.0,
MT-0005,2026-09-11 08:00:00,oad,gliclazide,,,,,,,40.0,
MT-0005,2026-09-11 08:00:00,oad,dapagliflozin,,,,,,,10.0,
MT-0005,2026-09-11 08:00:00,oad,telmisartan,,,,,,,20.0,
MT-0005,2026-09-11 13:30:00,oad,aspirin,,,,,,,75.0,
MT-0005,2026-09-12 08:30:00,oad,metformin,,,,,,,1000.0,
MT-0005,2026-09-12 21:00:00,oad,metformin,,,,,,,1000.0,
MT-0005,2026-09-12 08:00:00,oad,gliclazide,,,,,,,40.0,
MT-0005,2026-09-12 08:00:00,oad,dapagliflozin,,,,,,,10.0,
MT-0005,2026-09-12 08:00:00,oad,telmisartan,,,,,,,20.0,
MT-0005,2026-09-12 13:30:00,oad,aspirin,,,,,,,75.0,
MT-0005,2026-09-13 08:30:00,oad,metformin,,,,,,,1000.0,
MT-0005,2026-09-13 21:00:00,oad,metformin,,,,,,,1000.0,
MT-0005,2026-09-13 08:00:00,oad,gliclazide,,,,,,,40.0,
MT-0005,2026-09-13 08:00:00,oad,dapagliflozin,,,,,,,10.0,
MT-0005,2026-09-13 08:00:00,oad,telmisartan,,,,,,,20.0,
MT-0005,2026-09-13 13:30:00,oad,aspirin,,,,,,,75.0,
MT-0005,2026-09-14 08:30:00,oad,metformin,,,,,,,1000.0,
MT-0005,2026-09-14 21:00:00,oad,metformin,,,,,,,1000.0,
MT-0005,2026-09-14 08:00:00,oad,gliclazide,,,,,,,40.0,
MT-0005,2026-09-14 08:00:00,oad,dapagliflozin,,,,,,,10.0,
MT-0005,2026-09-14 08:00:00,oad,telmisartan,,,,,,,20.0,
MT-0005,2026-09-14 13:30:00,oad,aspirin,,,,,,,75.0,
