patient_id,date,hba1c_pct,fpg_mgdl,weight_kg,sbp,dbp
MT-0001,2024-09-07,8.0,211,74.8,133,85
MT-0001,2024-12-06,7.8,229,73.8,126,78
MT-0001,2025-02-19,8.6,245,72.4,126,92
MT-0001,2025-06-04,8.4,221,72.8,137,79
MT-0001,2025-09-08,8.9,228,72.6,134,76
MT-0001,2025-12-03,8.5,221,70.9,128,87
MT-0001,2026-02-25,8.5,239,70.5,130,79
MT-0001,2026-06-08,8.6,231,70.2,139,89
MT-0002,2024-09-10,7.7,142,39.9,121,84
MT-0002,2024-11-27,7.8,165,42.7,112,99
MT-0002,2025-02-24,7.3,122,40.3,129,102
MT-0002,2025-05-23,7.2,121,43.2,112,94
MT-0002,2025-09-05,6.7,128,42.4,128,93
MT-0002,2025-11-30,7.2,122,40.2,117,96
MT-0002,2026-02-25,6.0,140,40.9,124,94
MT-0002,2026-06-06,6.2,104,44.4,133,89
MT-0003,2024-09-05,6.9,121,80.4,108,75
MT-0003,2024-12-03,6.7,115,79.9,109,73
MT-0003,2025-02-27,6.3,109,80.9,109,66
MT-0003,2025-05-24,6.3,121,80.7,112,72
MT-0003,2025-08-29,6.4,116,81.1,118,73
MT-0003,2025-11-29,6.2,132,82.8,121,74
MT-0003,2026-02-23,6.3,120,82.0,110,76
MT-0003,2026-06-04,6.1,117,81.3,120,67
MT-0004,2024-08-26,8.4,150,66.4,127,103
MT-0004,2024-12-10,8.5,147,62.9,137,118
MT-0004,2025-03-01,8.6,155,64.6,124,100
MT-0004,2025-05-24,8.5,165,64.5,129,115
MT-0004,2025-08-25,8.1,148,65.5,144,99
MT-0004,2025-11-24,8.7,175,67.0,137,109
MT-0004,2026-03-07,8.3,160,62.5,126,107
MT-0004,2026-06-03,8.5,152,62.9,136,109
MT-0005,2024-08-30,8.5,179,84.5,133,101
MT-0005,2024-12-03,8.1,162,83.8,130,86
MT-0005,2025-02-22,8.2,163,84.1,116,91
MT-0005,2025-06-09,8.7,182,82.4,139,93
MT-0005,2025-09-09,8.1,185,83.4,128,94
MT-0005,2025-12-07,8.6,169,82.0,122,88
MT-0005,2026-02-28,8.5,201,81.6,122,89
MT-0005,2026-05-30,8.3,178,84.7,133,101
